id,title,date,developer_name,publisher_name,reviews_total,reviews_recent,reviews_total_summary,reviews_recent_summary,original_price,discount_price,discount_percent,achievements_number,langs_number,dlcs_number,has_ost,is_dlc,is_ost,short_desc,dlcs,tags,genres,languages,url,developer_url,publisher_url
3321460,Crimson Desert,19 MAR 2026,Pearl Abyss,Pearl Abyss,77338,,Muy positivas,,69.99,,,34,14,1,False,False,False,"Crimson Desert es un juego de acción y aventura en mundo abierto ambientado en Pywel. Acompaña a Kliff en su viaje para reunir a los Melenas Grises y salvar el continente. Zonas salvajes, ciudades, ruinas antiguas y el misterioso Abismo; forja tu propio camino a través del combate y la exploración.",Crimson Desert - Deluxe Pack,Mundo abierto|Acción|Un jugador|Aventura|Exploración|Combate|Dragones|Acción y aventura|Tercera persona|Medievales|Fantasía|Rol|Caballos|Elige tu propia aventura|Buena trama|3D|JcE|Inteligencia artificial|Sangrientos|Tipo «Dark Souls»,Acción|Aventura,Español de España|Inglés|Francés|Italiano|Alemán|Japonés|Coreano|Polaco|Ruso|Chino simplificado|Español de Hispanoamérica|Chino tradicional|Portugués de Brasil|Turco,https://store.steampowered.com/app/3321460/,https://store.steampowered.com/developer/Pearlabyss,https://store.steampowered.com/publisher/Pearlabyss
2868840,Slay the Spire 2,5 MAR 2026,Mega Crit,Mega Crit,97107,94387,Muy positivas,Muy positivas,22.99,,,0,14,0,False,False,False,"El emblemático roguelike de creación de mazos está de vuelta. ¡Construye un mazo único, enfréntate a extrañas criaturas y descubre poderosas reliquias en Slay the Spire 2!",,Estrategia|Roguelike|Juegos de cartas|Construcción de barajas|Cooperativos|Multijugador|Constructor de barajas Roguelike|Combate por turnos|Combate con cartas|Indie|Exploración de mazmorras|Roguelite|2D|Acceso anticipado|Un jugador|Difíciles|Fantasía|Valor continuo|Generación por procedimientos|Solo ratón,Indie|Estrategia|Acceso anticipado,Español de España|Inglés|Francés|Italiano|Alemán|Japonés|Coreano|Polaco|Portugués de Brasil|Ruso|Chino simplificado|Español de Hispanoamérica|Tailandés|Turco,https://store.steampowered.com/app/2868840/,https://store.steampowered.com/developer/megacrit,https://store.steampowered.com/publisher/megacrit
2050650,Resident Evil 4,23 MAR 2023,"CAPCOM Co., Ltd.","CAPCOM Co., Ltd.",156606,7199,Extremadamente positivas,Extremadamente positivas,39.99,15.99,60,46,14,26,True,False,False,"Sobrevivir es solo el principio. Con una mecánica de juego modernizada, una historia reimaginada y unos gráficos espectacularmente detallados, Resident Evil 4 supone el renacimiento de un gigante del mundo de los videojuegos.","Resident Evil 4: Caminos distintos|Resident Evil 4: Mercenarios|Resident Evil 4: Mapa de tesoros: Expansión|Resident Evil 4: Trajes de Leon y Ashley: ""Alternativos""|Resident Evil 4: Trajes de Leon y Ashley: ""Románticos""|Resident Evil 4: Traje de Leon y filtro: ""Héroe""|Resident Evil 4: Traje de Leon y filtro: ""Villano""|Resident Evil 4: Banda sonora clásica|Resident Evil 4: Arma deluxe: ""Sentinel Nine""|Resident Evil 4: Arma deluxe: ""Skull Shaker""|Resident Evil 4: Accesorio de Leon: ""Gafas de sol (deportivas)""|Resident Evil 4: Ticket de mejora exclusiva de arma x1 (A)|Resident Evil 4: Ticket de mejora exclusiva de arma x1 (B)|Resident Evil 4: Ticket de mejora exclusiva de arma x1 (C)|Resident Evil 4: Ticket de mejora exclusiva de arma x1 (D)|Resident Evil 4: Ticket de mejora exclusiva de arma x1 (E)|Resident Evil 4: Ticket de mejora exclusiva de arma x1 (F)|Resident Evil 4: Ticket de mejora exclusiva de arma x3 (A)|Resident Evil 4: Ticket de mejora exclusiva de arma x3 (B)|Resident Evil 4: Ticket de mejora exclusiva de arma x3 (C)|Resident Evil 4: Ticket de mejora exclusiva de arma x3 (D)|Resident Evil 4: Ticket de mejora exclusiva de arma x5 (A)|Resident Evil 4: Maletín: ""Dorado""|Resident Evil 4: Maletín: ""Clásico""|Resident Evil 4: Amuleto: ""Munición de pistola""|Resident Evil 4: Amuleto: ""Hierba verde""",Terror|Acción|Supervivencia / Terror|Disparos en tercera persona|Un jugador|Zombis|Buena trama|Supervivencia|Versiones nuevas|Oscuros|Cinematográficos|Sangrientos|Realistas|Tercera persona|RV|Gestión de recursos|Aventura|Acción y aventura|Violentos|Terror psicológico,Acción|Aventura,Español de España|Inglés|Francés|Italiano|Alemán|Árabe|Japonés|Coreano|Portugués de Brasil|Ruso|Chino simplificado|Chino tradicional|Español de Hispanoamérica|Polaco,https://store.steampowered.com/app/2050650/,https://store.steampowered.com/developer/capcom,https://store.steampowered.com/publisher/capcom
1174180,Red Dead Redemption 2,5 DIC 2019,Rockstar Games,Rockstar Games,794419,12181,Muy positivas,Muy positivas,59.99,14.99,75,51,13,0,False,False,False,"Arthur Morgan y la banda de Van der Linde se ven obligados a huir. Con agentes federales y cazarrecompensas pisándoles los talones, la banda deberá atracar, robar y luchar para sobrevivir en su camino por el escabroso territorio.",,Mundo abierto|Buena trama|Vaqueros|Multijugador|Aventura|Acción|Realistas|Un jugador|Disparos|Caballos|Preciosos|Ambientales|Para adultos|Disparos en tercera persona|Gran banda sonora|Tercera persona|Sangrientos|Sandbox|Primera persona|FPS,Acción|Aventura,Español de España|Inglés|Francés|Italiano|Alemán|Japonés|Coreano|Polaco|Ruso|Chino simplificado|Español de Hispanoamérica|Chino tradicional|Portugués de Brasil,https://store.steampowered.com/app/1174180/,https://store.steampowered.com/developer/rockstargames,https://store.steampowered.com/publisher/rockstargames
3764200,Resident Evil Requiem,26 FEB 2026,"CAPCOM Co., Ltd.","CAPCOM Co., Ltd.",91913,35089,Extremadamente positivas,Extremadamente positivas,69.99,,,49,14,2,False,False,False,"Réquiem por los muertos, pesadilla para los vivos. Escapa de la muerte en una experiencia de infarto que te estremecerá.",Resident Evil Requiem - Deluxe Kit|バイオハザード レクイエム オリジナル・サウンドトラック,Supervivencia / Terror|Zombis|Terror|Disparos en tercera persona|Acción|FPS|Primera persona|Acción y aventura|Cinematográficos|Un jugador|Realistas|Oscuros|3D|Buena trama|Posapocalípticos|Protagonista femenina|Violentos|Gestión de inventario|Modernos|Metroidvania,Acción|Aventura,Español de España|Inglés|Francés|Italiano|Alemán|Árabe|Español de Hispanoamérica|Portugués de Brasil|Polaco|Ruso|Chino simplificado|Chino tradicional|Japonés|Coreano,https://store.steampowered.com/app/3764200/,https://store.steampowered.com/developer/capcom,https://store.steampowered.com/publisher/capcom
252490,Rust,8 FEB 2018,Facepunch Studios,Facepunch Studios,1123423,11762,Muy positivas,Muy positivas,39.99,,,92,25,4,True,False,False,"En Rust, el único propósito es sobrevivir. Todo lo que te rodea quiere liquidarte: la fauna de la isla, los demás habitantes, el entorno y otros supervivientes. Haz lo que sea para ver la luz de un nuevo día.","Rust - Warhammer 40,000 Pack|Rust - Instruments Pack|Rust - Sunburn Pack|Rust - Voice Props Pack",Supervivencia|Fabricación|Multijugador|Mundo abierto|Supervivencia en mundo abierto|Construcción|JcJ|Sandbox|Aventura|Primera persona|Acción|Desnudos|FPS|Disparos|Cooperativos|Cooperativos en línea|Indie|Posapocalípticos|Acceso anticipado|Simulación,Acción|Aventura|Indie|Multijugador masivo|Rol,Español de España|Inglés|Francés|Italiano|Alemán|Japonés|Coreano|Ruso|Chino simplificado|Ucraniano|Polaco|Portugués de Portugal|Turco|Árabe|Checo|Danés|Holandés|Finés|Griego|Noruego|Portugués de Brasil|Español de Hispanoamérica|Sueco|Chino tradicional|Vietnamita,https://store.steampowered.com/app/252490/,https://store.steampowered.com/developer/facepunch,https://store.steampowered.com/publisher/facepunch
3240220,Grand Theft Auto V Enhanced,4 MAR 2025,Rockstar North,Rockstar Games,159265,10283,Muy positivas,Muy positivas,29.99,14.99,50,77,13,0,False,False,False,"Disfruta de los superventas del entretenimiento Grand Theft Auto V y Grand Theft Auto Online, ahora mejorados para una nueva generación, con impresionantes gráficos, carga más rápida, audio 3D y mucho más, además de contenido exclusivo para los jugadores de GTA Online.",,Mundo abierto|Acción|Contenido sexual|Multijugador|Crimen|Para adultos|Disparos|Tercera persona|Primera persona|Aventura|Simulador de automóviles|Carreras|Disparos en tercera persona|Sandbox|Divertidos|Modificables|Ambientales|Comedia|JcJ|Cooperativos,Acción|Aventura|Carreras,Español de España|Inglés|Francés|Italiano|Alemán|Japonés|Coreano|Polaco|Portugués de Brasil|Ruso|Chino simplificado|Español de Hispanoamérica|Chino tradicional,https://store.steampowered.com/app/3240220/,https://store.steampowered.com/developer/rockstargames,https://store.steampowered.com/publisher/rockstargames
1808500,ARC Raiders,30 OCT 2025,Embark Studios,Embark Studios,273480,14398,Muy positivas,Mayormente positivas,39.99,,,50,13,3,False,False,False,"ARC Raiders es un juego multijugador de aventura y extracción ambientado en un mortífero planeta Tierra del futuro, devastado por una misteriosa amenaza mecánica llamada ARC.",ARC Raiders - Upgrade to Deluxe Edition|ARC Raiders - The Bonecrown Set|ARC Raiders - The Wasp Hunter Set,Disparos y extracción|Multijugador|JcJ|JcE|Disparos en tercera persona|Posapocalípticos|Disparos|Cooperativos en línea|Supervivencia|Ciencia ficción|Ambientales|Tercera persona|Fabricación|Gestión de inventario|Acción|Mundo abierto|Combate|Futuristas|Personalización de personajes|Realistas,Acción,Español de España|Inglés|Francés|Italiano|Alemán|Japonés|Coreano|Polaco|Portugués de Brasil|Ruso|Chino simplificado|Chino tradicional|Turco,https://store.steampowered.com/app/1808500/,,
3472040,NBA 2K26,4 SEP 2025,Visual Concepts,2K,14250,2189,Variadas,Mayormente positivas,69.99,17.49,75,48,9,4,False,False,False,"El derecho a presumir está en juego en Mi CARRERA, MyTEAM, Mi NBA, La W y Jugar ya. Exhibe tu colección de movimientos con hiperrealismo, gracias a la tecnología ProPLAY™, y desafía a tus amigos, o rivales, en los modos competitivos de NBA 2K26, y leave no doubt: tú eres el rey.",Pase del Salón de la Fama de NBA 2K26: Temporada 6|Pase Pro de NBA 2K26: Temporada 6|Oferta de bonificación de la Temporada 6 de Mi CARRERA en NBA 2K26|Oferta de bonificación MyTEAM de la Temporada 6 de NBA 2K26,Apuestas|Deportes|Baloncesto|Simulación|e-sports|3D|Multijugador|Para mando|Un jugador|Personalización de personajes|Gestión|JcJ|Basados en equipos|Cooperativos en línea|LGBTQ+|Comercio|Hentai|Multijugador local|Cooperativos|Contenido sexual,Deportes,Español de España|Inglés|Francés|Italiano|Alemán|Japonés|Coreano|Chino simplificado|Chino tradicional,https://store.steampowered.com/app/3472040/,,https://store.steampowered.com/publisher/2K
2399830,ARK: Survival Ascended,25 OCT 2023,Studio Wildcard,Studio Wildcard,91854,3447,Variadas,Variadas,44.99,11.24,75,32,16,15,True,False,False,"¡Ark se reinventa desde cero en esta próxima generación de tecnología de videojuegos con Unreal Engine 5! Forma una tribu, domestica y cría cientos de dinosaurios únicos y criaturas primitivas, exploran, cree, construyen y luchan hasta la cima de la cadena alimentaria. ¡Tu nuevo mundo te espera!",ARK: Lost Colony Expansion Pass|ARK: Bob's Tall Tales|ARK: Astraeos|ARK: Lost Colony|ARK Fantastic Tames - Elderclaw|ARK Fantastic Tames - Drakelings|ARK Fantastic Tames - Dreadmare|ARK Fantastic Tames - Pyromane|ARK Animated Series 109-Costumes Pack|ARK: Valguero Ascended|ARK: Ragnarok Ascended|ARK: Extinction Ascended|ARK: Aberration Ascended|ARK: The Center Ascended|ARK: Scorched Earth Ascended,Acceso anticipado|Supervivencia|Mundo abierto|Multijugador|Dinosaurios|Construcción de bases|Construcción|Fabricación|Aventura|Sandbox|Acción|Personalización de personajes|Un jugador|JcE|JcJ|Multijugador masivo|Gestión de inventario|Rol|Fantasía|Ciencia ficción,Acción|Aventura|Indie|Multijugador masivo|Rol|Acceso anticipado,Español de España|Inglés|Francés|Italiano|Alemán|Danés|Holandés|Japonés|Coreano|Portugués de Brasil|Portugués de Portugal|Ruso|Chino simplificado|Español de Hispanoamérica|Chino tradicional|Turco,https://store.steampowered.com/app/2399830/,,
381210,Dead by Daylight,14 JUN 2016,Behaviour Interactive Inc.,Behaviour Interactive Inc.,651204,6534,Mayormente positivas,Mayormente positivas,19.99,,,297,15,36,True,False,False,Dead by Daylight es un juego de horror de multijugador (4 contra 1) en el que un jugador representa el rol del asesino despiadado y los 4 restantes juegan como supervivientes que intentan escapar de él para evitar ser capturados y asesinados.,Dead by Daylight: Stranger Things Chapter 2|Dead by Daylight - Sinister Grace|Dead by Daylight: The Walking Dead|Dead by Daylight: Five Nights at Freddy’s|Dead by Daylight - Steady Pulse|Dead by Daylight - Tokyo Ghoul|Dead by Daylight - Doomed Course|Dead by Daylight - Castlevania Chapter|Dead by Daylight - Tomb Raider Chapter|Dead by Daylight - Dungeons & Dragons|Dead by Daylight - All Things Wicked Chapter|Dead by Daylight - Alan Wake Chapter|Dead by Daylight - Endless Hunt Pack|Dead by Daylight - Maddening Darkness Pack|Dead by Daylight - Old Wounds Pack|Dead by Daylight - Macabre Tales Pack|Dead by Daylight - Chucky Chapter|Dead by Daylight - Stranger Things Chapter|Dead by Daylight - Alien Chapter Pack|Dead by Daylight - Nicolas Cage Chapter Pack|Dead by Daylight - End Transmission Chapter|Dead by Daylight - Resident Evil: PROJECT W Chapter|Dead by Daylight - Sadako Rising Chapter|Dead by Daylight - Resident Evil Chapter|Dead by Daylight - Escape Expansion Pack|Dead by Daylight - Terror Expansion Pack|Dead by Daylight - A Nightmare on Elm Street™|Dead by Daylight - Ash vs Evil Dead|Dead by Daylight - The Saw® Chapter|Dead by Daylight - Leatherface™|Dead by Daylight - Ghost Face®|Dead By Daylight - Silent Hill Chapter|Dead by Daylight - A Lullaby for the Dark Chapter|Dead by Daylight - The Last Breath Chapter|Dead by Daylight - Left Behind|Dead by Daylight - Charity Case,Terror|Multijugador|Supervivencia / Terror|Cooperativos en línea|Cooperativos|Supervivencia|Sangrientos|Basados en equipos|Sangre|Tercera persona|Sigilo|Violentos|Primera persona|Terror psicológico|Acción|Ambientales|Estrategia|Comedia|Para adultos|Difíciles,Acción,Español de España|Inglés|Francés|Italiano|Alemán|Ruso|Chino simplificado|Portugués de Brasil|Tailandés|Chino tradicional|Japonés|Coreano|Polaco|Español de Hispanoamérica|Turco,https://store.steampowered.com/app/381210/,https://store.steampowered.com/developer/behaviourinteractive,https://store.steampowered.com/publisher/behaviourinteractive
1086940,Baldur's Gate 3,3 AGO 2023,Larian Studios,Larian Studios,733568,5271,Extremadamente positivas,Muy positivas,59.99,,,54,15,2,False,False,False,"Reúne a tu grupo y vuelve a los Reinos Olvidados en un relato de compañerismo y traición, sacrificio y supervivencia, además de la atracción de un poder absoluto.",Baldur's Gate 3 - Digital Deluxe Edition DLC|Baldur's Gate 3 Toolkit Data,Rol|Personalización de personajes|Las elecciones importan|Dragones y Mazmorras|Combate por turnos|Buena trama|Contenido sexual|Rol clásico|Fantasía|Aventura|Romance|Cooperativos en línea|Multijugador|Estrategia|Un jugador|Desnudos|Campañas cooperativas|Basados en clases|Fantasía oscura|Combate,Aventura|Rol|Estrategia,Español de España|Inglés|Francés|Alemán|Polaco|Ruso|Chino simplificado|Turco|Portugués de Brasil|Italiano|Español de Hispanoamérica|Chino tradicional|Ucraniano|Coreano|Japonés,https://store.steampowered.com/app/1086940/,https://store.steampowered.com/developer/larianstudios,https://store.steampowered.com/publisher/larianstudios
3552140,Retro Rewind - Video Store Simulator,17 MAR 2026,Blood Pact Studios,Blood Pact Studios,4141,,Extremadamente positivas,,19.9,,,18,4,0,True,False,False,"¡Dirige tu propio videoclub a principios de los 90'! Alquila, vende, decora y amplía tu negocio desde cero, ¡y revive la época dorada del alquiler de vídeos!",,Gestión de tiendas|Simulación|Relajantes|Casuales|Simulador inmersivo|Gestión|Gestión de recursos|Un jugador|Gestión de inventario|Películas|Economía|Construcción|3D|Primera persona|Comercio|Retro|Coloridos|Estilizados|Ambientales|Indie,Casual|Indie|Simuladores,Español de España|Inglés|Francés|Alemán,https://store.steampowered.com/app/3552140/,,
418370,Resident Evil 7 Biohazard,23 ENE 2017,"CAPCOM Co., Ltd.","CAPCOM Co., Ltd.",79931,2467,Extremadamente positivas,Extremadamente positivas,19.99,7.99,60,58,15,5,True,False,False,"El peligro y la soledad emanan de las decrépitas paredes de una granja abandonada en el sur de los EE. UU. «7» marca un nuevo inicio para el género del survival horror, con el cambio a la aterradora perspectiva de jugador «vista aislada». Con el RE Engine, el terror llega a nuevas cotas de fotorrealismo.",Not A Hero|End of Zoe|Resident Evil 7 - Season Pass|Banned Footage Vol.1|Banned Footage Vol.2,Terror|Supervivencia / Terror|Primera persona|Un jugador|RV|Sangrientos|Ambientales|Zombis|Terror psicológico|Acción|Violentos|Puzles|Supervivencia|Multijugador|Buena trama|Aventura|FPS|Exploración|Disparos|Clásicos,Acción|Aventura,Español de España|Inglés|Francés|Italiano|Alemán|Japonés|Portugués de Brasil|Árabe|Coreano|Ruso|Chino simplificado|Chino tradicional|Polaco|Tailandés|Español de Hispanoamérica,https://store.steampowered.com/app/418370/,https://store.steampowered.com/developer/capcom,https://store.steampowered.com/publisher/capcom
3164500,Schedule I,24 MAR 2025,TVGS,TVGS,265171,7770,Extremadamente positivas,Extremadamente positivas,19.5,,,13,1,0,False,False,False,"From small-time dope pusher to kingpin - manufacture and distribute a range of drugs throughout the grungy city of Hyland Point. Expand your empire with properties, businesses, employees and more.",,Simulación|Cooperativos|Crimen|Gestión|Multijugador|Mundo abierto|Primera persona|Fabricación|Automatización|Construcción de bases|Acción|Construcción|Sigilo|Estrategia|Personalización de personajes|Conducción|Disparos|FPS|Acceso anticipado|Acción y aventura,Acción|Indie|Simuladores|Estrategia|Acceso anticipado,Inglés,https://store.steampowered.com/app/3164500/,,
582660,Black Desert,24 MAY 2017,Pearl Abyss,Pearl Abyss,61752,484,Mayormente positivas,Variadas,9.99,,,0,11,3,False,False,False,"Con más de 20 millones de aventureros, black Desert Online es un MMORPG de acción de mundo abierto. ¡Experimenta su intenso combate, enfréntante a Jefes mundiales, asedia castillos junto a tus amigos y mejora en diversas profesiones como pesca, comercio, manufactura, y cocina, entre otras!",[NA/EU] Black Desert - Traveler to Explorer|[NA/EU] Black Desert - Explorer to Conqueror|[NA/EU] Black Desert - Traveler to Conqueror,Sandbox|Rol de acción|Exploración|MMORPG|Bélicos|Fabricación|Medievales|JcJ|Primera persona|Acción y aventura|Mundo abierto|Personalización de personajes|Rol|Estrategia|3D|Cocina|Fantasía|Acción|Magia|Cinematográficos,Acción|Aventura|Multijugador masivo|Rol|Estrategia,Español de España|Inglés|Francés|Alemán|Japonés|Ruso|Tailandés|Turco|Chino tradicional|Portugués de Brasil|Español de Hispanoamérica,https://store.steampowered.com/app/582660/,https://store.steampowered.com/developer/Pearlabyss,https://store.steampowered.com/publisher/Pearlabyss
2479810,Gray Zone Warfare,30 ABR 2024,"MADFINGER Games, a.s.","MADFINGER Games, a.s.",61122,2858,Mayormente positivas,Mayormente positivas,39.99,26.79,33,0,12,0,False,False,False,"Adéntrate en el mundo abierto de este arriesgado juego de disparos táctico con enfoque JcE. Cumple misiones en solitario o con tu pelotón en una isla en cuarentena del sudeste asiático, en plena guerra entre facciones. Lábrate una reputación y descubre la verdad sobre el Suceso que la desencadenó.",,FPS|Tácticos|Realistas|Disparos y extracción|Simulación|Mundo abierto|Militares|Disparos|Acción|Competitivos|JcE|Personalización de armas|Multijugador|JcJ|Modernos|Cooperativos en línea|Supervivencia|Bélicos|Multijugador masivo|Acceso anticipado,Acción|Multijugador masivo|Simuladores|Acceso anticipado,Español de España|Inglés|Francés|Italiano|Alemán|Checo|Japonés|Coreano|Polaco|Portugués de Brasil|Chino simplificado|Turco,https://store.steampowered.com/app/2479810/,https://store.steampowered.com/developer/MADFINGER,https://store.steampowered.com/publisher/MADFINGER
3241660,R.E.P.O.,26 FEB 2025,semiwork,semiwork,299164,9007,Extremadamente positivas,Muy positivas,9.49,,,0,1,0,False,False,False,"An online co-op horror game with up to 6 players. Locate valuable, fully physics-based objects and handle them with care as you retrieve and extract to satisfy your creator's desires.",,Terror|Cooperativos en línea|Multijugador|Comedia|Cooperativos|Física|Primera persona|3D|Sigilo|Supervivencia|Robots|Acción|Exploración|Divertidos|Generación por procedimientos|Roguelike de acción|Posapocalípticos|Ciencia ficción|Muerte permanente|Acceso anticipado,Acción|Acceso anticipado,Inglés,https://store.steampowered.com/app/3241660/,https://store.steampowered.com/curator/37568178,https://store.steampowered.com/curator/37568178
264710,Subnautica,23 ENE 2018,Unknown Worlds Entertainment,Unknown Worlds Entertainment,311482,3874,Extremadamente positivas,Extremadamente positivas,29.99,7.49,75,17,27,0,True,False,False,"Desciende a las profundidades de un mundo submarino alienígena lleno de belleza y peligros. Crea equipamiento, pilota submarinos, terraforma el terreno, y burla los peligros para explorar exhuberantes arrecifes de coral, volcanes, sistemas de cuevas y más - Todo mientras intentas sobrevivir.",,Supervivencia en mundo abierto|Supervivencia|Terror|Subacuáticos|Mundo abierto|Exploración|Fabricación|Construcción de bases|Un jugador|Aventura|Primera persona|Ciencia ficción|Multijugador|Ambientales|Extraterrestres|Sandbox|Supervivencia / Terror|RV|Acción|Indie,Aventura|Indie,Español de España|Inglés|Francés|Alemán|Polaco|Ruso|Chino simplificado|Turco|Finés|Italiano|Checo|Húngaro|Danés|Japonés|Coreano|Portugués de Brasil|Búlgaro|Ucraniano|Holandés|Sueco|Vietnamita|Español de Hispanoamérica|Chino tradicional|Portugués de Portugal|Letón|Lituano|Eslovaco,https://store.steampowered.com/app/264710/,https://store.steampowered.com/developer/unknown-worlds,https://store.steampowered.com/publisher/unknown-worlds
952060,Resident Evil 3,2 ABR 2020,"CAPCOM Co., Ltd.","CAPCOM Co., Ltd.",78204,9094,Muy positivas,Muy positivas,39.99,3.99,90,32,15,4,True,False,False,"Jill Valentine es una de las pocas personas que quedan en Raccoon City que han sido testigos de las atrocidades de Umbrella. Para detenerla, Umbrella decide usar su arma secreta definitiva: ¡Nemesis! También incluye Resident Evil Resistance, un nuevo modo multijugador online 1 contra 4.",RESIDENT EVIL 3 - Pack de atuendos clásicos|Resident Evil 3 - Todo desbloqueado|Resident Evil Resistance - Traje de superviviente masculino: Leon S. Kennedy|Resident Evil Resistance - Traje de superviviente femenina: Claire Redfield,Acción|Zombis|Multijugador|Terror|Protagonista femenina|Supervivencia / Terror|Un jugador|Versiones nuevas|Tercera persona|Cooperativos|Sangrientos|Disparos en tercera persona|Violentos|Buena trama|Ambientales|Aventura|Contenido sexual|Clásicos|Difíciles|Gran banda sonora,Acción,Español de España|Inglés|Francés|Italiano|Alemán|Portugués de Brasil|Polaco|Ruso|Chino simplificado|Chino tradicional|Japonés|Coreano|Árabe|Tailandés|Español de Hispanoamérica,https://store.steampowered.com/app/952060/,https://store.steampowered.com/developer/capcom,https://store.steampowered.com/publisher/capcom
3527290,PEAK,16 JUN 2025,Team PEAK,Aggro Crab,250093,9514,Muy positivas,Muy positivas,7.49,4.64,38,54,14,0,False,False,False,"PEAK es un juego cooperativo de escalada en el que un solo error puede ser fatal. Ya sea en solitario o en grupo, la única esperanza de salir de la misteriosa isla es subiendo hasta la cima de la montaña del centro. ¿Tenéis lo que hace falta para subir al PICO?",,Multijugador|Cooperativos en línea|Cooperativos|Física|Exploración|Aventura|Primera persona|Comedia|Generación por procedimientos|3D|Ambientales|Roguelike de acción|Acción|Gestión del tiempo|Personalización de personajes|Terror|Plataformas|Misterio|Investigación|Supervivencia / Terror,Acción|Aventura|Indie,Español de España|Inglés|Francés|Italiano|Alemán|Japonés|Coreano|Portugués de Brasil|Ruso|Chino simplificado|Español de Hispanoamérica|Ucraniano|Polaco|Turco,https://store.steampowered.com/app/3527290/,,https://store.steampowered.com/publisher/aggrocrab
686060,Mewgenics,10 FEB 2026,Edmund McMillen,Edmund McMillen,40299,7660,Muy positivas,Muy positivas,28.99,,,281,6,1,False,False,False,"Cría gatos para crear el ejército felino definitivo y envíalos a desafiantes aventuras. Elige habilidades, reúne objetos y manipula la genética de las generaciones en este juego roguelite estratégico por turnos de los creadores de «The Binding of Isaac» y «The End is Nigh».",Mewgenics ULTIMATE Original Soundtrack Of All Time,Tácticas por turnos|Roguelite|Humor negro|Estrategia por turnos|Gatos|Combate por turnos|Rol|Divertidos|Adorables|2D|Cómics|Terror|Caricaturescos|Surrealistas|Posapocalípticos|Las elecciones importan|No lineales|Tácticos|Magia|Ciencia ficción,Aventura|Indie|Rol|Simuladores|Estrategia,Español de España|Inglés|Francés|Italiano|Alemán|Portugués de Brasil,https://store.steampowered.com/app/686060/,,
3784030,RACCOIN: Coin Pusher Roguelike,31 MAR 2026,Doraccoon ,Playstack,1812,,Muy positivas,,11.99,9.83,18,23,10,0,True,False,False,"¡Cachín! ¿Oyes ese sonido? ¡Es el de la victoria! Combina las monedas especiales con los pines y crea sinergias increíbles para conseguir un gran combo. Crea torres altísimas, gira la ruleta y sacude la máquina hasta que no quede ni una moneda. ¡Dopamina en estado puro en este adictivo roguelike!",,Estrategia|Roguelike|Construcción de barajas|Constructor de barajas Roguelike|Un jugador|Estrategia por turnos|Casuales|2D|Coloridos|Generación por procedimientos|Roguelite|Adorables|Juegos de cartas|Física|Relajantes|Arcade|Las elecciones importan|Pixelados|Divertidos|Apuestas,Casual|Indie|Simuladores|Estrategia,Español de España|Inglés|Chino simplificado|Chino tradicional|Francés|Alemán|Japonés|Coreano|Portugués de Brasil|Español de Hispanoamérica,https://store.steampowered.com/app/3784030/,,https://store.steampowered.com/publisher/Playstack
553850,HELLDIVERS™ 2,8 FEB 2024,Arrowhead Game Studios,PlayStation Publishing LLC,812288,8850,Mayormente positivas,Variadas,39.99,,,38,14,1,False,False,False,"La última línea de ataque de la galaxia. Alístate en los Helldivers y únete a la lucha por la libertad en una galaxia hostil en un juego de disparos en tercera persona rápido, frenético y feroz.",HELLDIVERS™ 2 - TR-117 Alpha Commander Armor Set,Cooperativos en línea|JcE|Disparos en tercera persona|Multijugador|Disparos|Acción|Cooperativos|Ciencia ficción|Disparos y extracción|Capitalismo|Espacio|Tercera persona|Comedia|Sangrientos|Gran banda sonora|Violentos|Difíciles|Terror psicológico|Un jugador|Mundo abierto,Acción,Español de España|Inglés|Francés|Italiano|Alemán|Japonés|Coreano|Portugués de Brasil|Español de Hispanoamérica|Polaco|Portugués de Portugal|Ruso|Chino simplificado|Chino tradicional,https://store.steampowered.com/app/553850/,https://store.steampowered.com/developer/arrowhead,https://store.steampowered.com/publisher/playstationstudios
413150,Stardew Valley,26 FEB 2016,ConcernedApe,ConcernedApe,853922,11372,Extremadamente positivas,Extremadamente positivas,13.99,,,49,12,0,True,False,False,Acabas de heredar la vieja parcela agrícola de tu abuelo de Stardew Valley. Decides partir hacia una nueva vida con unas herramientas usadas y algunas monedas. ¿Te ves capaz de vivir de la tierra y convertir estos campos descuidados en un hogar próspero?,,Simulador agrícola|Pixelados|Multijugador|Simulador de vida|Rol|Relajantes|Simulación|Agricultura|Fabricación|Sandbox|Indie|Construcción|Casuales|Mundo abierto|Un jugador|2D|Simulador de citas|Adorables|Gran banda sonora|Pesca,Indie|Rol|Simuladores,Español de España|Inglés|Alemán|Japonés|Portugués de Brasil|Ruso|Chino simplificado|Francés|Italiano|Húngaro|Coreano|Turco,https://store.steampowered.com/app/413150/,https://store.steampowered.com/developer/ConcernedApe,https://store.steampowered.com/publisher/ConcernedApe
2246340,Monster Hunter Wilds,27 FEB 2025,"CAPCOM Co., Ltd.","CAPCOM Co., Ltd.",191632,1921,Variadas,Variadas,69.99,38.49,45,50,15,190,True,False,False,"Siente la fuerza desbocada, salvaje e imparable de la naturaleza en entornos que se transforman drásticamente de un momento a otro. Esta es una historia de monstruos y humanos, y sus dificultades para coexistir en armonía en un mundo de dualidades.",Monster Hunter Wilds: Pack de texturas de alta resolución|Monster Hunter Wilds - Cupón modifica personaje: Un cupón (versión de prueba)|Monster Hunter Wilds - Cupón modifica camarada: Un cupón (versión de prueba)|Monster Hunter Wilds - Set de gestos Vol. 1|Monster Hunter Wilds - Ayuda a la caza: Pack de bienvenida|Monster Hunter Wilds - Set de armadura superpuesta: Soldado feudal|Monster Hunter Wilds - Armadura superpuesta: Espadachín tuerto|Monster Hunter Wilds - Armadura superpuesta: Peluca cuernos de oni|Monster Hunter Wilds - Adorno de Seikret: Gualdrapa de soldado|Monster Hunter Wilds - Adorno de Seikret: Gualdrapa de general|Monster Hunter Wilds - Set de armadura superpuesta Felyne: Ashigaru Felyne|Monster Hunter Wilds - Colgante: Campanilla aviar|Monster Hunter Wilds - Gesto: Grito de batalla|Monster Hunter Wilds - Gesto: Uchiko|Monster Hunter Wilds - Peinado: Moño heroico|Monster Hunter Wilds - Peinado: Guerrero elegante|Monster Hunter Wilds - Maquillaje/pintura facial: Kumadori de cazador|Monster Hunter Wilds - Maquillaje/pintura facial: Esplendor especial|Monster Hunter Wilds - Set de pegatinas: Unidad Avis|Monster Hunter Wilds - Set de pegatinas: Monstruos de los Llanos Barlovento|Monster Hunter Wilds - Cupón modifica personaje: Pack de tres cupones|Monster Hunter Wilds - Cupón modifica camarada: pack de tres cupones|Monster Hunter Wilds - Cupón modifica personaje/camarada: Pack de tres cupones|Monster Hunter Wilds - Set de armadura superpuesta: Nobleza|Monster Hunter Wilds - Armadura superpuesta: Diadema floreciente|Monster Hunter Wilds - Adorno de Seikret: Gualdrapa ósea|Monster Hunter Wilds - Adorno de Seikret: Gualdrapa oscura|Monster Hunter Wilds - Set de poses fotogénicas: Vol. 1|Monster Hunter Wilds - Maquillaje/pintura facial: Corazón de Monoblos|Monster Hunter Wilds - Set de personalización de tienda: Vol. 1|Monster Hunter Wilds - Set de equipo de campamento: Vol. 1|Monster Hunter Wilds - Set de banda sonora: Vol. 1|Monster Hunter Wilds - Set de pegatinas: Amigos de la expedición|Monster Hunter Wilds - Colgante: Luz feérica blanca|Monster Hunter Wilds - Colgante: Luz feérica roja|Monster Hunter Wilds - Colgante: Luz feérica verde|Monster Hunter Wilds - Colgante: Luz feérica azul|Monster Hunter Wilds - Colgante: Luz feérica violeta|Monster Hunter Wilds - Colgante: Luz feérica rosa|Monster Hunter Wilds - Ropa de Alma: Comisión del Nuevo Mundo|Monster Hunter Wilds - Set de poses fotogénicas: Vol. 2|Monster Hunter Wilds - Gesto: Derrape de rodillas|Monster Hunter Wilds - Gesto: Ansia por partir|Monster Hunter Wilds - Ropa de Alma: Abrigo de amanuense|Monster Hunter Wilds - Set de gestos vol. 2|Monster Hunter Wilds - Colgante: Gato blanco bailarín|Monster Hunter Wilds - Colgante: Gato blanco estirado|Monster Hunter Wilds - Colgante: Gato negro bailarín|Monster Hunter Wilds - Colgante: Gato negro estirado|Monster Hunter Wilds - Ropa de Alma: Kimono floral de primavera|Monster Hunter Wilds - Adorno de Seikret: Gualdrapa de dragón|Monster Hunter Wilds - Set de gestos vol. 3|Monster Hunter Wilds - Set de pegatinas: Floradanza|Monster Hunter Wilds - Colgante: Ramillete de Sakura: Blanco|Monster Hunter Wilds - Colgante: Ramillete de Sakura: Colorido|Monster Hunter Wilds - Colgante: Cascabel de gato blanco|Monster Hunter Wilds - Colgante: Cascabel de gato negro|Monster Hunter Wilds - Ropa de Alma: Traje de Chun-Li (SF6)|Monster Hunter Wilds - Ropa de Alma: Traje de Cammy (SF6)|Monster Hunter Wilds - Gesto: Hadoken (SF6)|Monster Hunter Wilds - Gesto: Shoryuken (SF6)|Monster Hunter Wilds - Gesto: Tatsumaki Senpu-kyaku (SF6)|Monster Hunter Wilds - Set de pegatinas: Street Fighter 6|Monster Hunter Wilds - Colgante: Muñeco de Blanka-chan|Monster Hunter Wilds - Set de armadura superpuesta: Cibermiau|Monster Hunter Wilds - Peinado: Trencitas salvajes|Monster Hunter Wilds - Peinado: Corte futurista|Monster Hunter Wilds - Maquillaje/pintura facial: Pestañas pintadas|Monster Hunter Wilds - Maquillaje/pintura facial: Llamarada|Monster Hunter Wilds - Set de gestos: Vol. 4|Monster Hunter Wilds - Set de gestos: Vol. 5|Monster Hunter Wilds - Set de pegatinas: Wudwuds excéntricos|Monster Hunter Wilds - Colgante: Globo amstrigiano|Monster Hunter Wilds - Colgante: Globo imstrigiano|Monster Hunter Wilds - Colgante: Globo cibermiau|Monster Hunter Wilds - Colgante: Globo dorado|Monster Hunter Wilds - Colgante: Globo amoroso|Monster Hunter Wilds - Colgante: Globo colorido|Monster Hunter Wilds - Peinado: Gemma|Monster Hunter Wilds - Peinado: Alma|Monster Hunter Wilds - Peinado: Nata|Monster Hunter Wilds - Set de gestos: Vol. 6|Monster Hunter Wilds - Colgante: Moscuatrillos aleteando|Monster Hunter Wilds - Colgante: Carrao trotador|Monster Hunter Wilds - Colgante: Corazones flotantes|Monster Hunter Wilds - Colgante: Dibujillos flotantes|Monster Hunter Wilds - Colgante: Brillos flotantes|Monster Hunter Wilds - Colgante: Pociones flotantes|Monster Hunter Wilds - Colgante: Filetes flotantes|Monster Hunter Wilds - Colgante: Miel flotante|Monster Hunter Wilds - Ropa de Alma: Poncho veraniego|Monster Hunter Wilds - Adorno de Seikret: Caparazón fénix|Monster Hunter Wilds - Ropa de Gemma: Mono veraniego|Monster Hunter Wilds - Ropa de Erik: Sombrero veraniego|Monster Hunter Wilds - Set de gestos: Vol. 7|Monster Hunter Wilds - Set de pegatinas: Chisparranda|Monster Hunter Wilds - Colgante: Espíritu chisparranda rojo|Monster Hunter Wilds - Colgante: Espíritu chisparranda azul|Monster Hunter Wilds - Colgante: Espíritu chisparranda morado|Monster Hunter Wilds - Colgante: Espíritu chisparranda verde|Monster Hunter Wilds - Colgante: Espíritu chisparranda rosa|Monster Hunter Wilds - Colgante: Espíritu chisparranda blanco|Monster Hunter Wilds - Colgante: Peluche Lagiacrus|Monster Hunter Wilds - Armadura superpuesta de cazador: Orejas peluditas|Monster Hunter Wilds - Armadura superpuesta de cazador: Cola peludita|Monster Hunter Wilds - Adorno de Seikret: Gualdrapa adorable|Monster Hunter Wilds - Animación de misión completada: Set de encargados|Monster Hunter Wilds - Animación de misión completada: Set de la forja|Monster Hunter Wilds - Set de armadura superpuesta Felyne: Gawkie Felyne|Monster Hunter Wilds - Colgante: Muñeca con vestido lala rojo|Monster Hunter Wilds - Colgante: Muñeca con vestido lala azul|Monster Hunter Wilds - Colgante: Muñeca con vestido lala rosa|Monster Hunter Wilds - Colgante: Muñeca con vestido lala naranja|Monster Hunter Wilds - Colgante: Muñeca con vestido lala morado|Monster Hunter Wilds - Set de personalización de tienda: Vol. 2|Monster Hunter Wilds - Set de equipo de campamento: Vol. 2|Monster Hunter Wilds - Set de banda sonora: Vol. 2|Monster Hunter Wilds - Set de pegatinas: Fauna local achuchable|Monster Hunter Wilds - Set de equipo de campamento: Vol. 3|Monster Hunter Wilds - Colgante: Borla Duna Felyne|Monster Hunter Wilds - Colgante: Borla Duna Felyne γ|Monster Hunter Wilds - Colgante: Miríadas aleteando|Monster Hunter Wilds - Gesto: Seikret descansando|Monster Hunter Wilds - Gesto: Hora del té|Monster Hunter Wilds - Set de gestos: Vol. 8|Monster Hunter Wilds - Colgante: Chocolate con menta Felyne|Monster Hunter Wilds - Colgante: Fresa Felyne|Monster Hunter Wilds - Colgante: Caramelo Felyne|Monster Hunter Wilds - Ropa de Alma: Bruja otoñal|Monster Hunter Wilds - Ropa de Erik: Therian otoñal|Monster Hunter Wilds - Adorno de Seikret: Gualdrapa de muñeco inquietante|Monster Hunter Wilds - Gesto: Hocus Palicosus|Monster Hunter Wilds - Gesto: Escoba voladora|Monster Hunter Wilds - Colgante: Poltergato blanco|Monster Hunter Wilds - Colgante: Poltergato naranja|Monster Hunter Wilds - Colgante: Poltergato morado|Monster Hunter Wilds - Colgante: Poltergato azul|Monster Hunter Wilds - Colgante: Poltergato verde|Monster Hunter Wilds - Colgante: Poltergato rojo|Monster Hunter Wilds - Set de pegatinas: Pathos cojinópodo|Monster Hunter Wilds - Set de armadura superpuesta de cazador: Cosmoloide|Monster Hunter Wilds - Adorno de Seikret: Gualdrapa mecánica|Monster Hunter Wilds - Espada y escudo superpuestos: Sable cosmoloide|Monster Hunter Wilds - Gran espada superpuesta: Hoja cosmoloide|Monster Hunter Wilds - Espada larga superpuesta: Filo cosmoloide|Monster Hunter Wilds - Espadas dobles superpuestas: Alas cosmoloides|Monster Hunter Wilds - Lanza cosmoloide: Pica cosmoloide|Monster Hunter Wilds - Lanza pistola: Ráfaga cosmoloide|Monster Hunter Wilds - Hacha espada superpuesta: Hacha cosmoloide|Monster Hunter Wilds - Hacha cargada superpuesta: Brazos cosmoloides|Monster Hunter Wilds - Martillo superpuesto: Colapso cosmoloide|Monster Hunter Wilds - Glaive insecto superpuesto: Glaive cosmoloide|Monster Hunter Wilds - Cornamusa superpuesta: Gjallar cosmoloide|Monster Hunter Wilds - Ballesta ligera superpuesta: Tiro cosmoloide|Monster Hunter Wilds - Ballesta pesada superpuesta: Cazadora cosmoloide|Monster Hunter Wilds - Arco superpuesto: Flecha cosmoloide|Monster Hunter Wilds - Colgante: Núcleo cosmoloide|Monster Hunter Wilds - Pose fotogénica: Pose de batalla de Seikret|Monster Hunter Wilds - Set de pegatinas: Día a día en las tierras del este|Monster Hunter Wilds - Peinado: Olivia|Monster Hunter Wilds - Peinado: Erik|Monster Hunter Wilds - Peinado: Werner|Monster Hunter Wilds - Colgante: Polluelo trotador|Monster Hunter Wilds - Colgante: Huidizo blanco|Monster Hunter Wilds - Colgante: Huidizo suavecito blanco|Monster Hunter Wilds - Colgante: Huidizo negro|Monster Hunter Wilds - Colgante: Huidizo suavecito negro|Monster Hunter Wilds - Colgante: Globo Rath flotante|Monster Hunter Wilds - Colgante: Globo esperanza F|Monster Hunter Wilds - Colgante: Globo Arkveld F|Monster Hunter Wilds - Colgante: Globo Rompopolo F|Monster Hunter Wilds - Colgante: Globo Barina F|Monster Hunter Wilds - Colgante: Globo Athos|Monster Hunter Wilds - Set de gestos Vol. 10|Monster Hunter Wilds - Pose fotogénica: Empieza la aventura - poses 1 y 2|Monster Hunter Wilds - Pose fotogénica: Empieza la aventura - poses 3 y 4|Monster Hunter Wilds - Cupón modifica personaje y camarada: Un cupón (versión de regalo)|Monster Hunter Wilds - Colgante: Columpollito blanco|Monster Hunter Wilds - Colgante: Columpollito rosa|Monster Hunter Wilds - Colgante: Columpollito azul|Monster Hunter Wilds - Colgante: Columpollito verde|Monster Hunter Wilds - Colgante: Columpollito morado|Monster Hunter Wilds - Colgante: Columpollito negro|Monster Hunter Wilds - Ropa de Alma: Seikret resplandeciente|Monster Hunter Wilds - Ropa de Erik: Seikret brillante|Monster Hunter Wilds - Ropa de Gemma: Seikret velirrojo|Monster Hunter Wilds - Adorno de Seikret: Gualdrapa alablanca|Monster Hunter Wilds - Set de gestos Vol. 9|Monster Hunter Wilds - Set de pegatinas: Saludos de la unidad Avis|Monster Hunter Wilds - Cupón modifica personaje y camarada: Un cupón (versión de regalo 2),Caza|Acción|Multijugador|Cooperativos en línea|Cooperativos|Personalización de personajes|Dragones|Mundo abierto|Simulador de citas|Tercera persona|Rol de acción|Aventura|Fantasía|Rol|Adorables|Un jugador|Ambientales|Gran banda sonora|Subacuáticos|Terror psicológico,Acción|Aventura|Rol,Español de España|Inglés|Francés|Italiano|Alemán|Árabe|Español de Hispanoamérica|Portugués de Brasil|Polaco|Ruso|Chino simplificado|Chino tradicional|Japonés|Coreano|Tailandés,https://store.steampowered.com/app/2246340/,https://store.steampowered.com/developer/capcom,https://store.steampowered.com/publisher/capcom
3948120,Scritchy Scratchy,18 MAR 2026,Lunch Money Games,Funday Games,5489,,Muy positivas,,5.99,,,34,10,1,True,False,False,"Scritchy Scratchy es un juego incremental de rascas muy satisfactorio. Compra montones de rascas, desbloquea el rascado automático e intenta conseguir grandes premios. ¿Vas a ir a lo seguro o te lo vas a jugar todo?",Scritchy Scratchy - Supporter Pack,Apuestas|Clics|Inactividad|Arcade|Gestión de recursos|Roguelite|Relajantes|Simulación|Gestión|Economía|Minimalistas|Capitalismo|Retro|Casuales|Vieja escuela|Pixelados|Roguelike|Indie|Experimentales|Cortos,Casual|Indie|Simuladores,Español de España|Inglés|Francés|Alemán|Japonés|Coreano|Polaco|Portugués de Brasil|Ruso|Chino simplificado,https://store.steampowered.com/app/3948120/,https://store.steampowered.com/developer/lunchmoneygames,https://store.steampowered.com/publisher/FundayGames
3326230,Hozy,30 MAR 2026,Come On Studio,tinyBuild,1333,,Muy positivas,,14.99,13.49,10,9,12,1,False,False,False,"Devuélvele la chispa a un vecindario olvidado habitación a habitación. Limpia, pinta y decora casas abandonadas con mecánicas de lo más satisfactorias y controles intuitivos. Disfruta de los pequeños detalles mientras interactúas con herramientas, objetos y muebles y da vida a cada habitación.",Hozy (Original Game Soundtrack),Relajantes|Acogedores|Casuales|Sandbox|Puzles|Adorables|Física|Coloridos|Simulador inmersivo|Simulación|Construcción|3D|Para toda la familia|Realistas|Indie|Un jugador|Estilizados|Gestión|Reconfortantes|Valor continuo,Casual|Indie|Simuladores,Español de España|Inglés|Francés|Alemán|Chino simplificado|Coreano|Polaco|Ruso|Japonés|Portugués de Brasil|Ucraniano|Serbio,https://store.steampowered.com/app/3326230/,,https://store.steampowered.com/publisher/tinybuild
883710,Resident Evil 2,24 ENE 2019,"CAPCOM Co., Ltd.","CAPCOM Co., Ltd.",140670,7102,Extremadamente positivas,Extremadamente positivas,39.99,9.99,75,44,15,12,True,False,False,"Publicado originalmente en 1998, Resident Evil 2, uno de los juegos más icónicos de todos los tiempos, regresa completamente reinventado para las consolas de nueva generación.",Resident Evil 2 - Leon Costume: Arklay Sheriff|Resident Evil 2 - Leon Costume: Noir|Resident Evil 2 - Leon Costume: 98'|Resident Evil 2 - Claire Costume: Military|Resident Evil 2 - Claire Costume: Noir|Resident Evil 2 - Claire Costume: Elza Walker|Resident Evil 2 - Claire Costume: 98'|Resident Evil 2 - Deluxe Weapon: Samurai Edge - Chris Model|Resident Evil 2 - Deluxe Weapon: Samurai Edge - Jill Model|Resident Evil 2 - Deluxe Weapon: Samurai Edge - Albert Model|Resident Evil 2 - Original Ver. Soundtrack Swap|Resident Evil 2 - All In-game Rewards Unlocked,Zombis|Supervivencia / Terror|Terror|Un jugador|Versiones nuevas|Tercera persona|Sangrientos|Acción|Puzles|Ambientales|Buena trama|Multijugador|Violentos|Supervivencia|Clásicos|Protagonista femenina|Oscuros|Disparos|Aventura|Difíciles,Acción,Español de España|Inglés|Francés|Italiano|Alemán|Polaco|Ruso|Chino simplificado|Chino tradicional|Japonés|Coreano|Portugués de Brasil|Árabe|Tailandés|Español de Hispanoamérica,https://store.steampowered.com/app/883710/,https://store.steampowered.com/developer/capcom,https://store.steampowered.com/publisher/capcom
2344520,Diablo® IV,17 OCT 2023,"Blizzard Entertainment, Inc.","Blizzard Entertainment, Inc.",50149,1253,Variadas,Mayormente positivas,49.99,,,35,14,4,False,False,False,"Únete a la lucha por Santuario en Diablo® IV, la aventura de rol y acción definitiva. Vive la campaña alabada por la crítica y nuevo contenido de temporada.",Diablo® IV: Lord of Hatred™|Diablo® IV: Vessel of Hatred™|Diablo® IV - Pack de Platino del Alijo del Rebelde|Diablo® IV - Banda Sonora,Rol de acción|Hack and slash|Botín|Isométricos|Rol|Cooperativos en línea|Exploración de mazmorras|Un jugador|Cooperativos|Multijugador|Tercera persona|Acción|JcE|Fantasía|Fantasía oscura|MMORPG|Buena trama|Exploración|Sangrientos|Violentos,Acción|Rol,Español de España|Inglés|Francés|Italiano|Alemán|Japonés|Coreano|Polaco|Portugués de Brasil|Ruso|Español de Hispanoamérica|Chino tradicional|Chino simplificado|Turco,https://store.steampowered.com/app/2344520/,https://store.steampowered.com/developer/Blizzard,https://store.steampowered.com/publisher/Blizzard
3008130,Dying Light: The Beast Restored Land,18 SEP 2025,Techland,Techland,55184,1338,Muy positivas,Mayormente positivas,59.99,44.99,25,42,17,10,True,False,False,"Eres Kyle Crane y buscas vengarte tras haber sufrido años de experimentos. Descubre un mundo abierto que mezcla la acción, la supervivencia y el terror mientras buscas a quien te convirtió en mitad bestia, mitad humano.",Dying Light: The Beast Restored Land Definitive Upgrade|Dying Light: The Beast - Action Hero Essentials|Dying Light: The Beast - Hunter Essentials|Dying Light: The Beast - Fire Lotus Weapon Pack|Dying Light: The Beast - Discharge Weapon Pack|Dying Light: The Beast Standard to Deluxe Upgrade|Dying Light: The Beast - Hero Of Harran Bundle|Dying Light: The Beast - Castor Woods Tourist Map|Dying Light: The Beast - Wallpaper Pack|Dying Light: The Beast - Castor Woods Prepper Bundle,Zombis|Mundo abierto|Multijugador|Primera persona|Terror|Parkour|Acción|Campañas cooperativas|Sangrientos|Un jugador|Posapocalípticos|Exploración|Buena trama|Combate|Rol|Acción y aventura|Violentos|Realistas|Aventura|Rol de acción,Acción|Aventura|Rol,Español de España|Inglés|Francés|Italiano|Alemán|Árabe|Chino tradicional|Chino simplificado|Checo|Español de Hispanoamérica|Japonés|Coreano|Polaco|Portugués de Portugal|Portugués de Brasil|Ruso|Turco,https://store.steampowered.com/app/3008130/,https://store.steampowered.com/developer/Techland,https://store.steampowered.com/publisher/Techland
530611,End of Zoe,11 DIC 2017,"CAPCOM Co., Ltd.","CAPCOM Co., Ltd.",1214,,Muy positivas,,14.99,3.74,75,0,15,0,False,True,False,,,Acción|Aventura|Terror,Acción|Aventura,Español de España|Inglés|Francés|Italiano|Alemán|Japonés|Árabe|Coreano|Polaco|Portugués de Brasil|Ruso|Chino simplificado|Chino tradicional|Español de Hispanoamérica|Tailandés,https://store.steampowered.com/app/530611/,https://store.steampowered.com/developer/capcom,https://store.steampowered.com/publisher/capcom
1196590,Resident Evil Village,6 MAY 2021,"CAPCOM Co., Ltd.","CAPCOM Co., Ltd.",98340,2559,Extremadamente positivas,Extremadamente positivas,39.99,9.99,75,56,15,6,True,False,False,"Vive el survival horror como nunca antes en la 8.ª entrega principal de la aclamada serie Resident Evil: Resident Evil Village. El terror más realista e inescapable, con gráficos hiperdetallados, intensa acción en 1.ª persona y una trama magistral.",Resident Evil Village - Expansión de los Winters|Resident Evil Village - Traje «Street Wolf»|Resident Evil Village - Acceso total al contenido extra|Resident Evil Village - Pack traumático|Resident Evil Village - Accesorio de Mr. Raccoon|Resident Evil Village - Pack de supervivencia,Supervivencia / Terror|Terror|Primera persona|Un jugador|Acción|Contenido sexual|Zombis|Sangrientos|Buena trama|FPS|RV|Ambientales|Violentos|Oscuros|Terror psicológico|Supervivencia|Aventura|Multijugador|Mundo abierto|Desnudos,Acción,Español de España|Inglés|Francés|Italiano|Alemán|Japonés|Coreano|Portugués de Brasil|Ruso|Chino simplificado|Chino tradicional|Árabe|Tailandés|Español de Hispanoamérica|Polaco,https://store.steampowered.com/app/1196590/,https://store.steampowered.com/developer/capcom,https://store.steampowered.com/publisher/capcom
306130,The Elder Scrolls® Online,4 ABR 2014,ZeniMax Online Studios,Bethesda Softworks,132389,642,Muy positivas,Mayormente positivas,19.99,,,0,6,5,True,False,False,"Toda leyenda comienza por alguna parte, y, en el caso de The Elder Scrolls Online, lo hace por ti. Únete a millones de jugadores en un RPG de fantasía online ambientado en el gigantesco y vibrante mundo de The Elder Scrolls.",The Elder Scrolls Online: Deluxe Edition|The Elder Scrolls Online: 10-Year Anniversary Pack|The Elder Scrolls Online: Paquete Hailcinder Mount|The Elder Scrolls Online: Housing Starter Pack|Banda sonora original de The Elder Scrolls Online: Gold Road,Rol|MMORPG|Mundo abierto|Fantasía|Aventura|Multijugador|Exploración|Un jugador|Multijugador masivo|Acción|Personalización de personajes|JcJ|JcE|Mitos y leyendas|Buena trama|Elige tu propia aventura|Basados en clases|Magia|Rol de acción|Ambientales,Acción|Aventura|Multijugador masivo|Rol,Español de España|Inglés|Francés|Alemán|Ruso|Chino simplificado,https://store.steampowered.com/app/306130/,https://store.steampowered.com/developer/bethesda,https://store.steampowered.com/publisher/bethesda
1245620,ELDEN RING,24 FEB 2022,"FromSoftware, Inc.","FromSoftware, Inc.",811450,5253,Muy positivas,Muy positivas,59.99,,,42,15,2,False,False,False,"EL NUEVO JUEGO DE ROL Y ACCIÓN DE AMBIENTACIÓN FANTÁSTICA. Álzate, Sinluz, y que la gracia te guíe para abrazar el poder del Círculo de Elden y encumbrarte como señor del Círculo en las Tierras Intermedias.",ELDEN RING Shadow of the Erdtree Premium Bundle|ELDEN RING Shadow of the Erdtree,Tipo «Dark Souls»|Mundo abierto|Fantasía oscura|Rol|Difíciles|Rol de acción|Multijugador|Tercera persona|Fantasía|Un jugador|Cooperativos en línea|Acción|Cooperativos|Ambientales|Gran banda sonora|JcJ|Violentos|3D|Personalización de personajes|Para toda la familia,Acción|Rol,Español de España|Inglés|Francés|Italiano|Alemán|Japonés|Coreano|Polaco|Portugués de Brasil|Ruso|Chino simplificado|Español de Hispanoamérica|Tailandés|Chino tradicional|Árabe,https://store.steampowered.com/app/1245620/,https://store.steampowered.com/curator/45188208,https://store.steampowered.com/curator/45188208
376210,The Isle,1 DIC 2015,Afterthought LLC,Afterthought LLC,99837,2108,Muy positivas,Mayormente positivas,19.99,,,0,1,0,False,False,False,Experience fierce open world survival gameplay as you attempt to stay alive on an unforgiving island inhabited by dinosaurs! Hunt. Grow. Survive.,,Dinosaurios|Supervivencia|Mundo abierto|Multijugador|Simulación|Caza|Realistas|Multijugador masivo|Aventura|Acceso anticipado|Terror|Acción|Tercera persona|Cooperativos|Sandbox|Simulador de caminar|Rol|Estrategia|Basados en equipos|Indie,Acción|Aventura|Indie|Multijugador masivo|Simuladores|Acceso anticipado,Inglés,https://store.steampowered.com/app/376210/,,
739630,Phasmophobia,18 SEP 2020,Kinetic Games,Kinetic Games,665113,4320,Extremadamente positivas,Muy positivas,18.99,,,54,26,0,False,False,False,Phasmophobia is a 4 player online co-op psychological horror. Paranormal activity is on the rise and it’s up to you and your team to use all the ghost-hunting equipment at your disposal in order to gather as much evidence as you can.,,Terror|Cooperativos en línea|Multijugador|Terror psicológico|Cooperativos|RV|Sobrenaturales|Primera persona|Investigación|Oscuros|Detectives|Demonios|Misterio|Suspense|3D|Acceso anticipado|Indie|Acción|Tácticos|Un jugador,Acción|Indie|Acceso anticipado,Español de España|Inglés|Portugués de Portugal|Portugués de Brasil|Alemán|Francés|Italiano|Búlgaro|Checo|Danés|Holandés|Finés|Griego|Húngaro|Japonés|Coreano|Noruego|Polaco|Rumano|Ruso|Chino simplificado|Sueco|Chino tradicional|Turco|Ucraniano|Catalán,https://store.steampowered.com/app/739630/,https://store.steampowered.com/developer/KineticGames,https://store.steampowered.com/publisher/KineticGames
582010,Monster Hunter: World,8 AGO 2018,"CAPCOM Co., Ltd.","CAPCOM Co., Ltd.",309166,1116,Muy positivas,Muy positivas,29.99,7.79,74,100,14,199,True,False,False,"¡Bienvenidos a un nuevo mundo! En Monster Hunter: World, la última entrega de la serie, podrás disfrutar de la mejor experiencia de juego, usando todos los recursos a tu alcance para acechar monstruos en un nuevo mundo rebosante de emociones y sorpresas.",Monster Hunter World: Iceborne|Monster Hunter: World - High Resolution Texture Pack|Monster Hunter: World - Pack de gestos extras 1|Monster Hunter: World - Peinado: gestora de recursos|Monster Hunter: World - Peinado: líder del equipo de campo|Monster Hunter: World - Ropa de Delegada para la Encargada|Monster Hunter: World - Kit Deluxe|Monster Hunter: World - Traje de chef 3 estrellas de la Encargada|Monster Hunter: World - Vestido de traviesa de la Encargada|Monster Hunter: World - Peinado: Encargada|Monster Hunter: World - Peinado: Almirante|Monster Hunter: World - Vale de edición de personaje gratis|Monster Hunter: World - Set de pegatinas: set de Mega Man|Monster Hunter: World - Cupón crea personaje: un cupón|Monster Hunter: World - Cupón crea personaje: pack de dos cupones|Monster Hunter: World - Cupón crea personaje: pack de tres cupones|Monster Hunter: World - Gesto: pistolas dobles de Devil May Cry|Monster Hunter: World - Set de pegatinas: set de Devil May Cry|Monster Hunter: World - Abrigo de espíritu invernal de la Encargada|Monster Hunter: World - Set de pegatinas gratuito: cazador sociable|Monster Hunter: World - Gesto gratuito: ¡feliz caza!|Monster Hunter: World - Disfraz de Felyne sonriente de la Encargada|Monster Hunter: World - Vestido de abejita de la Encargada|Monster Hunter: World - Pareo de día soleado de la Encargada|Kit Deluxe de Monster Hunter World: Iceborne|Monster Hunter: World - Cupón crea personaje y camarada: un cupón|Monster Hunter: World - Cupón crea personaje y camarada: pack de dos cupones|Monster Hunter: World - Cupón crea personaje y camarada: pack de tres cupones|Monster Hunter: World - Cupón de crear camarada: un cupón|Monster Hunter: World - Cupón de crear camarada: pack de dos cupones|Monster Hunter: World - Cupón de crear camarada: pack de tres cupones|Monster Hunter: World - Set de pegatinas: objetos de cazador|Monster Hunter: World - Set de pegatinas: estados de monstruo|Monster Hunter: World - Set de poses: pose agachada|Monster Hunter: World - Set de poses: pose única|Monster Hunter: World - Ropa de chica de Kokoto de la Encargada|Monster Hunter World: Iceborne - MHW:I Set de pegatinas: monstruos de Iceborne|Monster Hunter World: Iceborne - Mobiliario para tu hogar en MHW:I: set de mobiliario bonito|Monster Hunter World: Iceborne - Mobiliario para tu hogar en MHW:I: set de peluches gigantes|Monster Hunter World: Iceborne - Gramola de MHW:I: set de música de fondo extra (vol. 1)|Monster Hunter: World - Traje de Tyrant de la Encargada|Monster Hunter: World - Set de pegatinas: Raccoon City|Monster Hunter World: Iceborne - Figura de monstruo de MHW:I: Nergigante|Monster Hunter World: Iceborne - Figura de monstruo de MHW:I: Kushala Daora|Monster Hunter World: Iceborne - Figura de monstruo de MHW:I: Dodogama|Monster Hunter World: Iceborne - Figura de monstruo de MHW:I: Rathalos|Monster Hunter World: Iceborne - Figura de monstruo de MHW:I: Anjanath|Monster Hunter World: Iceborne - Figura de monstruo de MHW:I: Tobi-Kadachi|Monster Hunter World: Iceborne - Figura de monstruo de MHW:I: Barioth|Monster Hunter World: Iceborne - Figura de monstruo de MHW:I: Banbaro|Monster Hunter World: Iceborne - Figura de monstruo de MHW:I: Boaboa|Monster Hunter World: Iceborne - Gramola de MHW:I: colaboración con Raccoon City - Black Impact|Monster Hunter: World - Vestido corto y grácil de la Encargada|Monster Hunter: World - Disfraz de techno Encargada|Monster Hunter: World - Set de pegatinas: lynian|Monster Hunter: World - MHW:I Pack de gestos: baile urbano|Monster Hunter: World - MHW:I Pack de gestos: baile callejero|Monster Hunter: World - MHW:I Pack de gestos: animando|Monster Hunter: World - Set de poses: poses de armas (3)|Monster Hunter World: Iceborne - Peinado: tupé rockero|Monster Hunter World: Iceborne - Peinado: samurai misterioso|Monster Hunter World: Iceborne - Peinado: rapado artístico|Monster Hunter World: Iceborne - Peinado: princesa sol naciente|Monster Hunter World: Iceborne - Peinado: corto y ondulado|Monster Hunter World: Iceborne - Peinado: semilargo|Monster Hunter World: Iceborne - Peinado: cresta mohicana|Monster Hunter World: Iceborne - Peinado: coleta coqueta|Monster Hunter World: Iceborne - Peinado: bob corto|Monster Hunter World: Iceborne - Peinado: largo y ondulado|Monster Hunter World: Iceborne - Mobiliario para tu hogar en MHW:I: set oriental|Monster Hunter World: Iceborne - Mobiliario para tu hogar en MHW:I: set de lámparas|Monster Hunter World: Iceborne - Figura especial de monstruo de MHW:I - festival astral|Monster Hunter World: Iceborne - Figura de monstruo de MHW:I: Velkhana|Monster Hunter World: Iceborne - Figura de monstruo de MHW:I: Legiana|Monster Hunter World: Iceborne - Figura de monstruo de MHW:I: Beotodus|Monster Hunter World: Iceborne - Figura de monstruo de MHW:I: Nargacuga|Monster Hunter World: Iceborne - Figura de monstruo de MHW:I: Pukei-Pukei|Monster Hunter World: Iceborne - Figura de monstruo de MHW:I: Grimalkynes|Monster Hunter World: Iceborne - Figura de monstruo de MHW:I: Glavenus|Monster Hunter World: Iceborne - Figura de monstruo de MHW:I: Rathian|Monster Hunter World: Iceborne - Figura de monstruo de MHW:I: Kulu-Ya-Ku|Monster Hunter World: Iceborne - Gramola de MHW:I: set de música de fondo extra (vol. 2)|Monster Hunter World: Iceborne - Gramola de MHW:I: set de música de fondo extra (vol. 3)|Monster Hunter World: Iceborne - Colgante: peluche de Felyne|Monster Hunter World: Iceborne - Colgante: peluche de Melynx|Monster Hunter World: Iceborne - Colgante: peluche Felyne blanco|Monster Hunter World: Iceborne - Colgante: peluche Felyne rosa|Monster Hunter World: Iceborne - Colgante: peluche Felyne uva|Monster Hunter World: Iceborne - Colgante: peluche Felyne menta|Monster Hunter World: Iceborne - Colgante: peluche Felyne naranja|Monster Hunter World: Iceborne - Colgante: topi de la suerte|Monster Hunter World: Iceborne - Colgante: topi de salud|Monster Hunter World: Iceborne - Colgante: topi de seguridad|Monster Hunter World: Iceborne - Colgante: topi de amor|Monster Hunter World: Iceborne - Colgante: topi de protección|Monster Hunter World: Iceborne - Colgante: topi de pasión|Monster Hunter World: Iceborne - Colgante: topi de paz|Monster Hunter World: Iceborne - Peinado: Comandante|Monster Hunter World: Iceborne - Peinado: entusiasta de clase A|Monster Hunter World: Iceborne - Peinado: director de análisis|Monster Hunter World: Iceborne - Peinado: cazador wyveriano|Monster Hunter World: Iceborne - Peinado: encargada seria|Monster Hunter World: Iceborne - Peinado: maestra de la 3.ª flota|Monster Hunter World: Iceborne - Peinado: Rastreadora|Monster Hunter: World - Set de pegatinas: saludos amistosos|Monster Hunter World: Iceborne - Colgante: colgante Pukei|Monster Hunter World: Iceborne - Colgante: colgante Pukei Coralino|Monster Hunter World: Iceborne - Colgante: Rajang en columpio|Monster Hunter World: Iceborne - Colgante: Rajang Rabioso en columpio|Monster Hunter World: Iceborne - Colgante: Paolumu flotante|Monster Hunter World: Iceborne - Colgante: Somnus flotante|Monster Hunter World: Iceborne - Colgante: kurage volante|Monster Hunter World: Iceborne - Colgante: colonia de kurage volantes|Monster Hunter World: Iceborne - Colgante: globo rojo|Monster Hunter World: Iceborne - Colgante: globos rojo y blanco|Monster Hunter World: Iceborne - Colgante: globos arco iris|Monster Hunter World: Iceborne - Mobiliario para tu hogar en MHW:I: set fastuoso|Monster Hunter World: Iceborne - Mobiliario para tu hogar en MHW:I: set glamuroso|Monster Hunter World: Iceborne - Mobiliario para tu hogar en MHW:I: set miniatura|Monster Hunter World: Iceborne - Figura de monstruo de MHW:I - Zinogre|Monster Hunter World: Iceborne - Figura de monstruo de MHW:I - Yian Garuga|Monster Hunter World: Iceborne - Figura de monstruo de MHW:I - Girros y Gran Girros|Monster Hunter World: Iceborne - Figura de monstruo de MHW:I - Namielle|Monster Hunter World: Iceborne - Figura de monstruo de MHW:I - Paolumu|Monster Hunter World: Iceborne - Figura de monstruo de MHW:I - Tzitzi-Ya-Ku|Monster Hunter World: Iceborne - Figura de monstruo de MHW:I - Jyuratodus|Monster Hunter World: Iceborne - Figura de monstruo de MHW:I - Barroth|Monster Hunter World: Iceborne - Figura de monstruo de MHW:I - Diablos|Monster Hunter World: Iceborne - Figura de monstruo de MHW:I - Safi'jiiva|Monster Hunter World: Iceborne - Figura de monstruo de MHW:I - Xeno'jiiva|Monster Hunter World: Iceborne - Figura de monstruo de MHW:I - Wulgs|Monster Hunter World: Iceborne - Gramola de MHW:I: set de música de fondo extra (vol. 4)|Monster Hunter World: Iceborne - Gramola de MHW:I: set de música de fondo extra (vol. 5)|Monster Hunter: World - Vestido de rosas de la Encargada|Monster Hunter World: Iceborne - Peinado: melena y trenza|Monster Hunter World: Iceborne - Peinado: voluminoso|Monster Hunter World: Iceborne - Peinado: rathaloso|Monster Hunter World: Iceborne - Peinado: samurái errante|Monster Hunter World: Iceborne - Colgante: corazón esmeralda Kulve|Monster Hunter World: Iceborne - Colgante: corazón rubí Kulve|Monster Hunter World: Iceborne - Colgante: corazón cristal Kulve|Monster Hunter World: Iceborne - Colgante: corazón topacio Kulve|Monster Hunter World: Iceborne - Colgante: corazón safiro Kulve|Monster Hunter World: Iceborne - Colgante: corazón gemarrosa Kulve|Monster Hunter World: Iceborne - Gramola de MHW:I: set de música de fondo extra (vol. 6)|Monster Hunter World: Iceborne - Gramola de MHW:I: set de música de fondo extra (vol. 7)|Monster Hunter World: Iceborne - Colgante: dragón celestial de oro|Monster Hunter World: Iceborne - Colgante: dragón celestial de plata|Monster Hunter World: Iceborne - Colgante: cuchillo cristal rubí|Monster Hunter World: Iceborne - Colgante: cuchillo cristal ámbar|Monster Hunter World: Iceborne - Colgante: cuchillo cristal celeste|Monster Hunter World: Iceborne - Colgante: mariposas espectrales celeste|Monster Hunter World: Iceborne - Colgante: mariposas espectrales jade|Monster Hunter World: Iceborne - Colgante: mariposas espectrales magenta|Monster Hunter World: Iceborne - Colgante: lumiarañas|Monster Hunter World: Iceborne - Colgante: dracófagos|Monster Hunter World: Iceborne - Mobiliario para tu hogar en MHW:I: set Poogie|Monster Hunter World: Iceborne - Mobiliario para tu hogar en MHW:I: set Felyne|Monster Hunter World: Iceborne - Mobiliario para tu hogar en MHW:I: set Pukei-Pukei|Monster Hunter World: Iceborne - Mobiliario para tu hogar en MHW:I: set Boaboa|Monster Hunter World: Iceborne - Figura de monstruo de MHW:I - Tigrex|Monster Hunter World: Iceborne - Figura de monstruo de MHW:I - Odogaron|Monster Hunter World: Iceborne - Figura de monstruo de MHW:I - Radobaan|Monster Hunter World: Iceborne - Figura de monstruo de MHW:I - Rajang|Monster Hunter World: Iceborne - Figura de monstruo de MHW:I - Kirin|Monster Hunter World: Iceborne - Figura de monstruo de MHW:I - Vaal Hazak|Monster Hunter World: Iceborne - Figura de monstruo de MHW:I - Teostra|Monster Hunter World: Iceborne - Figura de monstruo de MHW:I - Gajalakas y rey Gajalaka|Monster Hunter World: Iceborne - Figura de monstruo de MHW:I - Brachydios|Monster Hunter World: Iceborne - Figura de monstruo de MHW:I - Lavasioth|Monster Hunter World: Iceborne - Figura de monstruo de MHW:I - carraos algodón y Aptonoth|Monster Hunter: World - Ropa de samba festiva de la Encargada|Monster Hunter World: Iceborne - Figura de monstruo de MHW:I - Kulve Taroth|Monster Hunter World: Iceborne - Figura de monstruo de MHW:I - Bazelgeuse|Monster Hunter World: Iceborne - Figura de monstruo de MHW:I - Deviljho|Monster Hunter World: Iceborne - Figura de monstruo de MHW:I - Shara Ishvalda 1|Monster Hunter World: Iceborne - Figura de monstruo de MHW:I - Shara Ishvalda 2|Monster Hunter World: Iceborne - Figura de monstruo de MHW:I - Alatreon|Monster Hunter World: Iceborne - Figura de monstruo de MHW:I - Fatalis|Monster Hunter World: Iceborne - Figura de monstruo de MHW:I - Lunastra|Monster Hunter World: Iceborne - Figura de monstruo de MHW:I - Uragaan|Monster Hunter World: Iceborne - Colgante: reloj de oro mecánico|Monster Hunter World: Iceborne - Colgante: reloj de plata mecánico|Monster Hunter World: Iceborne - Colgante: vela de Glavenus llameante|Monster Hunter World: Iceborne - Colgante: Kulu-Ya-Ku sorprendido|Monster Hunter World: Iceborne - Colgante: mini super-8 (jugador 1)|Monster Hunter World: Iceborne - Colgante: mini super-8 (jugador 2)|Monster Hunter World: Iceborne - Colgante: gorrino celestial|Monster Hunter World: Iceborne - Colgante: jabalcebú|Monster Hunter World: Iceborne - Colgante: ristra de proteínas|Monster Hunter World: Iceborne - Mobiliario para tu hogar en MHW:I: cráneo de Beotodus|Monster Hunter: World - Disfraz de Chun-Li de la Encargada|Monster Hunter: World - Gesto: ¡Hadoken!|Monster Hunter: World - Gesto: ¡Shoryuken!|Monster Hunter: World - Set de pegatinas: Street Fighter V|Monster Hunter: World - Disfraz de diablilla adorable de la Encargada|Monster Hunter World: Iceborne - Colgante: talismán nevado de Velkhana|MHW:I - Pack coleccionable: contenido gratuito|Monster Hunter World: Iceborne - Colgante: MH Riders Kirin,Cooperativos|Multijugador|Acción|Mundo abierto|Rol|Personalización de personajes|Tercera persona|Aventura|Fantasía|Rol de acción|Difíciles|Un jugador|Exploración|Gran banda sonora|Valor continuo|Ambientales|Hack and slash|Rol japonés|MMORPG|Tipo «Dark Souls»,Acción,Español de España|Inglés|Francés|Italiano|Alemán|Árabe|Portugués de Brasil|Polaco|Chino tradicional|Japonés|Coreano|Ruso|Chino simplificado|Español de Hispanoamérica,https://store.steampowered.com/app/582010/,https://store.steampowered.com/developer/capcom,https://store.steampowered.com/publisher/capcom
2300320,Farming Simulator 25,12 NOV 2024,GIANTS Software,GIANTS Software,33164,1236,Muy positivas,Muy positivas,29.99,23.99,20,45,26,11,False,False,False,Disfruta de la vida en la granja con Farming Simulator 25 tanto en solitario como de forma cooperativa en modo multijugador. ¡La granja es tuya!,Farming Simulator 25: Vredo Pack|Farming Simulator 25: MacDon Pack|Farming Simulator 25: Year 1 Season Pass|Farming Simulator 25: New Holland CR11 Gold Edition|Farming Simulator 25: NEXAT Pack|Farming Simulator 25: Year 2 Season Pass|Farming Simulator 25: Plains & Prairies Pack|Farming Simulator 25: Mercedes-Benz Trucks Pack|Farming Simulator 25: Highlands Fishing Expansion|Farming Simulator 25: Straw Harvest Pack|Farming Simulator 25: JCB - WFT,Simulación|Simulador agrícola|Realistas|Multijugador|3D|Primera persona|Economía|Gestión del tiempo|Construcción|Simulador inmersivo|Tercera persona|Gestión|Ambientales|Relajantes|Naturaleza|Cooperativos en línea|Agrícolas|Física|Un jugador|Modificables,Simuladores,Español de España|Inglés|Francés|Italiano|Alemán|Checo|Danés|Holandés|Finés|Húngaro|Japonés|Coreano|Noruego|Polaco|Portugués de Brasil|Portugués de Portugal|Rumano|Ruso|Chino simplificado|Español de Hispanoamérica|Sueco|Chino tradicional|Turco|Ucraniano|Vietnamita|Indonesio,https://store.steampowered.com/app/2300320/,https://store.steampowered.com/developer/giantssoftware,https://store.steampowered.com/publisher/giantssoftware
1091500,Cyberpunk 2077,9 DIC 2020,CD PROJEKT RED,CD PROJEKT RED,834415,7694,Muy positivas,Muy positivas,59.99,,,57,19,3,False,False,False,"Cyberpunk 2077 es un RPG de aventura y acción de mundo abierto ambientado en el futuro sombrío de Night City, una peligrosa megalópolis obsesionada con el poder, el glamur y las incesantes modificaciones corporales.",Cyberpunk 2077: Phantom Liberty|Cyberpunk 2077 Bonus Content|Cyberpunk 2077 REDmod,Ciberpunk|Mundo abierto|Desnudos|Rol|Un jugador|Buena trama|Para adultos|Ciencia ficción|FPS|Futuristas|Primera persona|Ambientales|Exploración|Acción|Violentos|Gran banda sonora|Rol de acción|Aventura|Personalización de personajes|Simulador inmersivo,Rol,Español de España|Inglés|Francés|Italiano|Alemán|Árabe|Checo|Húngaro|Japonés|Coreano|Polaco|Portugués de Brasil|Ruso|Chino simplificado|Español de Hispanoamérica|Tailandés|Chino tradicional|Turco|Ucraniano,https://store.steampowered.com/app/1091500/,https://store.steampowered.com/developer/CDPR,https://store.steampowered.com/publisher/CDPR
2221490,Tom Clancy’s The Division® 2,12 ENE 2023,Ubisoft,Ubisoft,29051,2915,Mayormente positivas,Muy positivas,29.99,,,67,14,7,False,False,False,"Únete a The Division en este shooter táctico de mundo abierto. Enfréntate en intensos combates basados en la cobertura, forma equipo con tus amigos y crea al agente definitivo para salvar Washington D.C.",Rise Up Bundle - Tom Clancy’s The Division 2|Rise Up Supply Drop - Tom Clancy’s The Division 2|Bug Mask Pack - Tom Clancy’s The Division 2|Tom Clancy's The Division 2  Battle for Brooklyn Deluxe DLC|Battle for Brooklyn DLC - Tom Clancy's The Division 2|The Division 2 - Warlords of New York - Expansion|Activation Bundle - Tom Clancy’s The Division 2,Disparos y botín|Mundo abierto|Multijugador|Un jugador|Disparos en tercera persona|Cooperativos en línea|Disparos|Acción|Aventura|Rol|Cooperativos|Posapocalípticos|Botín|Personalización de personajes|JcE|Multijugador masivo|Supervivencia|Militares|JcJ|Buena trama,Acción|Aventura|Rol,Español de España|Inglés|Francés|Italiano|Alemán|Árabe|Japonés|Coreano|Polaco|Portugués de Brasil|Ruso|Chino simplificado|Español de Hispanoamérica|Chino tradicional,https://store.steampowered.com/app/2221490/,https://store.steampowered.com/developer/ubisoft,https://store.steampowered.com/publisher/ubisoft
1144200,Ready or Not,13 DIC 2023,VOID Interactive,VOID Interactive,247706,5646,Mayormente positivas,Muy positivas,49.99,,,66,12,3,True,False,False,"Los Sueños. El LSPD informa de un gran aumento de los delitos en toda el área metropolitana de Los Sueños. Los SWAT tratan de solventar situaciones de alto riesgo como tomas de rehenes, amenazas de bomba y sospechosos atrincherados, entre otros.",Ready or Not: Boiling Point|Ready or Not: Dark Waters|Ready or Not: Home Invasion,Tácticos|Realistas|FPS|Disparos|Multijugador|Un jugador|Cooperativos|Terror|Primera persona|Acción|Violentos|Terror psicológico|Personalización de armas|Combate|Crimen|Sangrientos|Modernos|Ambientales|Campañas cooperativas|América,Acción|Aventura|Indie,Español de España|Inglés|Francés|Alemán|Coreano|Chino simplificado|Italiano|Japonés|Polaco|Portugués de Portugal|Turco|Ruso,https://store.steampowered.com/app/1144200/,,
346110,ARK: Survival Evolved,27 AGO 2017,Studio Wildcard,Studio Wildcard,575087,2619,Muy positivas,Muy positivas,14.79,9.76,34,32,21,13,True,False,False,"Juega como un hombre o una mujer desnudo, congelándote y muriéndote de hambre en una isla misteriosa. Debes cazar, cosechar, crear objetos, cultivar, y construir refugios para sobrevivir. Usa tu habilidad y astucia para matar, domesticar, criar y cabalgar dinosaurios y otras criaturas primitivas.",ARK: Aquatica|ARK: Aquatica - Luminati Suns Song|Fjordur - ARK Expansion Map|Lost Island - ARK Expansion Map|ARK: Genesis Season Pass|Valguero - ARK Expansion Map|Ragnarok - ARK Expansion Map|ARK: Extinction - Expansion Pack|ARK: Aberration - Expansion Pack|ARK: Scorched Earth - Expansion Pack|Primitive+ ARK Total Conversion|The Center - ARK Expansion Map|Crystal Isles - ARK Expansion Map,Supervivencia en mundo abierto|Supervivencia|Multijugador|Mundo abierto|Dinosaurios|Fabricación|Construcción|Aventura|Construcción de bases|Cooperativos|Acción|Sandbox|Primera persona|Multijugador masivo|Un jugador|Acceso anticipado|Dragones|Rol|Ciencia ficción|Indie,Acción|Aventura|Indie|Multijugador masivo|Rol,Español de España|Inglés|Francés|Italiano|Alemán|Ruso|Portugués de Brasil|Chino simplificado|Checo|Danés|Holandés|Húngaro|Polaco|Sueco|Tailandés|Chino tradicional|Turco|Ucraniano|Finés|Japonés|Coreano,https://store.steampowered.com/app/346110/,https://store.steampowered.com/developer/studiowildcard,https://store.steampowered.com/publisher/studiowildcard
1623730,Palworld,18 ENE 2024,Pocketpair,Pocketpair,352482,2443,Muy positivas,Muy positivas,28.99,,,57,17,0,True,False,False,"Este es un juego multijugador de supervivencia en mundo abierto inmenso y original, en el que tendrás que hacerte con unas misteriosas criaturas llamadas Pals, capaces de combatir, construir, cultivar y trabajar en fábricas.",,Mundo abierto|Supervivencia|Coleccionista de criaturas|Multijugador|Supervivencia en mundo abierto|Cooperativos en línea|Fabricación|JcJ|Cooperativos|Indie|Aventura|Construcción de bases|Sandbox|Construcción|Automatización|Disparos en tercera persona|Rol|Acción|Exploración|Acceso anticipado,Acción|Aventura|Indie|Rol|Acceso anticipado,Español de España|Inglés|Chino simplificado|Chino tradicional|Japonés|Francés|Italiano|Alemán|Portugués de Brasil|Ruso|Coreano|Indonesio|Español de Hispanoamérica|Tailandés|Turco|Vietnamita|Polaco,https://store.steampowered.com/app/1623730/,https://store.steampowered.com/developer/pocketpair,https://store.steampowered.com/publisher/pocketpair
3065800,Marathon,5 MAR 2026,Bungie,Bungie,33114,30224,Muy positivas,Muy positivas,39.99,,,14,13,1,False,False,False,"Registra la colonia perdida de Tau Ceti IV en la piel de un corredor biocibernético en un juego PvPvE de disparos, evacuación y supervivencia en primera persona de los creadores de Halo y Destiny.",Marathon Mejora Deluxe,Disparos y extracción|JcJ|Multijugador|Ciencia ficción|Disparos|FPS|Futuristas|Acción|Primera persona|JcE|Ciberpunk|Personalización de armas|Basados en clases|Supervivencia|Cooperativos en línea|Gestión de inventario|Personalización de personajes|Terror psicológico|Disparos de héroe|LGBTQ+,Acción,Español de España|Inglés|Francés|Italiano|Alemán|Japonés|Coreano|Polaco|Portugués de Brasil|Ruso|Chino simplificado|Español de Hispanoamérica|Chino tradicional,https://store.steampowered.com/app/3065800/,https://store.steampowered.com/developer/Bungie,https://store.steampowered.com/publisher/Bungie
648800,Raft,20 JUN 2022,Redbeet Interactive,Axolot Games,315358,2918,Muy positivas,Muy positivas,20.49,,,104,12,0,False,False,False,"Raft™ throws you and your friends into an epic oceanic adventure! Alone or together, players battle to survive a perilous voyage across a vast sea! Gather debris, scavenge reefs and build your own floating home, but be wary of the man-eating sharks!",,Supervivencia|Multijugador|Supervivencia en mundo abierto|Cooperativos|Fabricación|Mundo abierto|Construcción|Construcción de bases|Cooperativos en línea|Aventura|Sandbox|Primera persona|Un jugador|Subacuáticos|Simulación|Acceso anticipado|Acción|Indie|Estrategia|Multijugador masivo,Aventura|Indie|Simuladores,Español de España|Inglés|Francés|Italiano|Alemán|Japonés|Coreano|Polaco|Portugués de Brasil|Ruso|Chino simplificado|Sueco,https://store.steampowered.com/app/648800/,,https://store.steampowered.com/publisher/axolotgames
1190970,House Flipper 2,14 DIC 2023,Frozen District,Frozen District,14839,350,Muy positivas,Muy positivas,48.44,24.02,50,48,18,5,False,False,False,"¡Olvida tus preocupaciones con este simulador de reformas! Compra, arregla, vende y conviértete en una leyenda. O coge tus herramientas y ¡construye todo desde cero! Con el modo cooperativo online para 4 jugadores, podrás jugar tanto en el modo sandbox como en el modo historia juntos.",House Flipper 2 - Pets DLC|House Flipper 2 - Scooby-Doo DLC|House Flipper 2 - Supporter Pack|House Flipper 2 - Co-op DLC|House Flipper 2 - Sakura DLC,Simulación|Construcción|Cooperativos|Relajantes|Diseño e ilustración|Cooperativos en línea|Casuales|Para toda la familia|Valor continuo|Sandbox|Destrucción|Coloridos|Un jugador|3D|Construcción de bases|Simulador inmersivo|Primera persona|Educación|Indie|Realistas,Casual|Indie|Simuladores,Español de España|Inglés|Francés|Italiano|Alemán|Holandés|Japonés|Coreano|Noruego|Polaco|Portugués de Brasil|Portugués de Portugal|Ruso|Chino simplificado|Español de Hispanoamérica|Chino tradicional|Turco|Ucraniano,https://store.steampowered.com/app/1190970/,https://store.steampowered.com/developer/FrozenDistrict,https://store.steampowered.com/publisher/FrozenDistrict
284160,BeamNG.drive,29 MAY 2015,BeamNG,BeamNG,357217,6489,Extremadamente positivas,Extremadamente positivas,22.5,,,5,13,0,False,False,False,A dynamic soft-body physics vehicle simulator capable of doing just about anything.,,Simulación|Conducción|Física|Realistas|Destrucción|Simulador de automóviles|Sandbox|Mundo abierto|Carreras|Multijugador|Modificables|Un jugador|Acceso anticipado|Primera persona|RV|Tercera persona|Divertidos|Acción|Aventura|Exploración,Carreras|Simuladores|Acceso anticipado,Español de España|Inglés|Francés|Japonés|Coreano|Portugués de Portugal|Portugués de Brasil|Ruso|Chino simplificado|Español de Hispanoamérica|Chino tradicional|Alemán|Polaco,https://store.steampowered.com/app/284160/,https://store.steampowered.com/developer/beamng,https://store.steampowered.com/publisher/beamng
